60,102,114,90,57,92,110,87,57,88,101,87,57,89,106,83,57,81,94,79,57,81,90,76,50,75,91,74,53,75,79,74,56,79,91,78,1
64,79,79,63,68,83,83,70,68,83,87,67,63,72,77,58,67,79,85,67,67,83,89,71,66,75,76,63,70,79,80,63,70,83,92,70,7
64,69,71,54,64,66,67,54,64,69,71,54,68,68,75,56,64,68,71,52,64,71,67,59,67,72,74,54,67,72,77,54,67,72,77,54,7
85,106,105,80,93,111,114,90,93,115,114,94,92,115,115,94,92,120,125,98,92,115,115,87,97,112,122,92,97,116,122,96,92,103,113,88,3
72,81,86,68,72,77,78,61,64,73,74,57,71,79,83,67,71,79,79,67,71,83,79,63,75,83,89,71,75,79,89,71,71,79,85,67,7
78,102,110,83,82,102,105,83,82,102,101,80,80,98,102,79,80,98,102,79,80,98,98,79,80,95,100,78,80,99,104,78,80,95,100,78,3
71,99,110,94,67,77,97,79,63,66,90,79,67,97,114,90,67,84,101,87,74,92,105,90,76,106,115,94,76,102,111,98,80,111,125,102,1
70,79,85,65,74,79,89,69,78,88,93,73,68,73,74,61,68,73,82,61,76,85,86,68,68,75,75,59,71,75,75,59,68,79,79,63,7
88,111,113,92,88,107,113,87,88,107,113,87,86,104,108,85,90,109,112,92,86,109,108,89,87,103,105,86,92,108,110,90,92,108,110,90,3
78,92,97,80,78,92,101,83,82,97,101,83,80,98,102,76,80,94,102,79,84,98,111,83,80,95,104,78,80,95,104,81,84,99,104,85,7
59,91,100,85,52,79,92,78,49,83,96,81,56,84,93,83,52,77,93,79,52,73,90,75,47,71,89,80,50,71,85,76,47,67,85,69,1
80,94,102,79,80,98,94,76,84,94,98,79,80,95,100,81,84,95,100,85,84,103,108,92,88,103,109,87,93,107,113,92,93,111,123,96,3
72,111,120,98,72,111,111,98,68,102,106,87,71,112,128,99,71,112,122,96,76,112,118,96,71,111,118,96,71,111,118,100,75,111,118,100,1
92,112,113,92,92,107,118,88,88,103,104,85,88,107,109,83,84,99,109,79,79,95,100,79,86,104,112,85,86,104,104,85,86,104,104,81,4
80,91,91,81,84,95,100,78,80,95,100,81,75,87,89,71,79,91,93,75,79,95,96,75,66,79,80,59,74,79,84,66,82,87,96,78,4
88,106,106,87,92,115,115,94,92,120,125,98,92,107,118,96,97,112,122,92,97,116,122,96,97,111,123,96,93,111,118,96,93,111,118,96,3
52,73,90,75,56,84,97,79,56,81,97,79,50,75,89,80,53,84,97,80,57,84,93,76,60,77,94,79,60,89,98,83,60,94,106,87,1
68,73,71,61,64,69,71,57,60,69,74,54,68,75,79,63,60,68,67,52,60,61,67,56,67,75,77,62,63,68,70,54,63,64,67,54,7
97,115,125,102,92,106,115,91,80,106,106,91,88,116,122,96,92,103,108,81,80,87,96,81,79,107,118,92,75,107,113,92,71,103,113,96,1
56,57,83,78,53,48,91,85,53,45,96,96,48,37,100,104,48,37,104,104,51,32,100,108,74,87,96,78,63,56,104,100,46,32,104,114,2
60,57,75,67,64,64,83,67,71,79,91,70,55,64,81,67,67,64,85,67,71,79,89,71,63,67,80,70,59,63,73,66,66,63,84,66,5
67,112,124,98,63,112,119,98,63,112,130,101,63,111,124,101,63,111,124,101,63,111,124,101,60,111,125,98,64,106,125,98,64,111,120,98,1
64,102,115,94,68,106,115,94,68,102,115,94,71,107,122,96,71,103,113,92,71,103,118,92,67,107,123,96,71,111,123,96,71,103,118,96,1
97,115,119,97,89,120,124,97,93,115,124,101,92,120,125,98,88,120,125,98,88,125,131,102,88,126,139,103,88,121,133,103,92,121,128,103,3
95,118,117,96,95,118,122,96,99,118,117,92,92,112,124,94,92,112,114,98,92,108,114,90,93,106,114,90,89,102,110,83,82,92,101,80,3
76,95,100,78,76,91,100,74,76,87,100,74,79,87,93,71,79,87,93,67,75,87,96,71,78,87,84,70,74,87,88,66,74,87,92,70,4
68,71,83,70,71,75,87,88,71,75,83,70,71,72,77,67,67,68,81,67,67,72,85,67,66,71,80,66,66,71,80,66,63,71,73,66,5
86,113,127,96,90,113,127,96,90,109,117,96,92,117,124,101,92,117,130,101,96,112,124,98,93,115,124,97,93,120,129,101,93,115,124,101,3
82,96,100,78,70,79,84,66,70,75,76,63,67,73,79,60,63,66,72,60,67,70,72,60,67,71,74,58,63,67,70,55,67,71,70,58,7
56,75,88,74,56,75,92,78,59,79,96,81,56,81,97,83,59,84,93,83,59,81,101,83,57,84,101,83,53,84,101,87,50,79,93,80,1
63,99,110,94,63,88,101,79,59,77,79,68,67,111,114,101,67,106,114,90,63,97,97,83,72,111,120,98,72,111,111,98,68,102,106,87,1
68,75,79,67,60,68,79,67,53,54,75,70,67,64,81,67,59,61,77,71,55,54,85,67,66,71,80,66,66,63,76,66,59,60,73,63,5
67,68,89,79,67,68,89,75,67,72,85,71,70,67,88,78,66,71,88,78,66,71,92,74,71,77,93,79,71,73,93,79,67,73,90,75,5
57,79,93,80,57,88,101,83,57,88,101,83,53,77,90,76,53,77,94,79,57,81,94,79,60,83,100,85,56,79,91,78,60,79,96,85,1
80,89,94,79,80,89,98,79,84,94,98,76,84,95,100,78,84,95,100,78,80,91,96,81,84,95,104,79,79,95,96,79,79,91,93,75,4
67,72,74,58,67,72,74,54,63,75,74,58,66,71,73,55,66,71,69,55,66,71,73,55,63,66,68,57,67,73,68,57,67,73,72,57,7
64,73,74,57,64,73,74,57,64,73,78,61,68,75,75,59,64,75,79,59,64,79,83,63,67,75,81,62,67,79,81,62,67,79,81,67,7
92,103,110,86,87,103,110,83,87,99,105,86,85,97,110,83,85,102,105,80,85,102,105,83,80,94,98,79,84,98,102,83,84,98,102,79,3
93,115,114,94,93,111,114,94,89,102,110,87,92,115,115,87,84,102,102,79,80,94,94,76,92,103,113,88,84,95,96,74,80,95,96,74,3
46,32,119,131,46,34,119,131,42,34,119,131,42,31,124,133,44,34,119,133,44,37,119,136,44,34,131,135,44,31,125,135,47,31,131,139,2
53,84,105,83,57,88,105,87,60,97,105,87,53,89,106,87,57,94,111,87,57,94,106,83,56,95,108,92,56,87,108,85,56,83,100,85,1
86,104,104,85,86,104,112,85,86,104,108,89,87,103,110,86,87,103,110,86,87,103,105,86,85,106,110,90,89,106,114,90,89,106,110,90,3
63,67,70,51,63,67,74,51,60,67,78,55,64,69,71,54,64,69,74,54,64,69,74,57,64,75,71,52,68,75,75,56,64,75,79,56,7
88,103,104,85,84,99,104,81,84,99,104,81,79,95,100,79,84,103,109,79,88,107,109,83,86,104,104,81,86,100,108,85,86,104,108,89,4
88,95,100,79,88,95,100,83,88,103,100,83,86,104,104,85,82,100,100,85,82,100,104,78,83,103,105,86,83,103,110,83,83,99,101,79,3
88,103,109,83,88,107,109,87,88,107,113,87,86,100,108,81,86,100,104,81,86,104,108,85,83,95,97,79,83,95,101,83,87,103,110,86,3
53,79,93,73,53,79,93,73,50,79,97,80,57,73,90,76,57,77,98,76,57,81,98,83,56,79,96,78,56,87,104,85,56,87,100,81,1
67,83,93,75,63,91,100,75,67,103,113,87,59,83,96,74,63,87,92,81,66,104,112,89,59,84,90,75,63,99,110,86,67,108,119,98,1
64,69,74,57,68,69,74,57,64,66,67,54,68,68,71,56,64,71,79,59,68,71,71,59,63,68,74,58,67,72,74,62,71,75,77,67,7
68,68,75,52,64,68,67,56,64,75,71,52,67,72,70,50,63,68,70,54,67,72,74,54,66,75,76,55,63,71,69,55,66,75,76,55,7
68,73,78,57,72,73,82,61,72,77,74,57,68,75,79,59,64,75,79,59,68,75,75,59,67,72,74,58,63,72,74,58,67,75,74,58,7
63,67,70,55,63,67,70,55,63,71,74,55,64,69,71,54,68,69,78,54,68,69,71,57,64,71,67,59,68,71,75,59,64,75,75,56,7
88,107,113,88,88,107,118,88,88,103,118,85,84,103,109,83,88,103,113,87,88,107,109,87,86,100,108,81,86,104,108,85,90,109,108,85,3
64,73,82,61,64,73,86,61,64,73,78,57,68,75,75,59,68,75,75,59,68,75,75,59,67,83,77,58,71,75,77,58,71,79,81,58,7
67,75,78,58,63,63,74,58,67,71,74,65,64,73,74,61,64,69,71,61,68,73,82,65,71,79,79,67,68,83,83,67,71,79,87,70,7
67,71,82,62,63,75,82,62,63,75,78,62,68,77,78,61,68,77,78,65,64,77,74,65,68,79,79,67,64,83,83,67,64,79,79,63,7
88,106,102,91,84,98,102,87,72,94,106,87,88,99,113,92,76,95,104,88,68,99,113,88,79,95,100,87,67,95,109,92,63,95,113,87,3
71,91,96,74,76,91,96,70,71,79,96,74,67,72,96,83,59,58,104,100,51,45,113,116,56,53,108,107,49,37,122,125,43,32,127,133,2
78,92,110,94,78,97,114,97,70,92,110,83,88,115,131,102,88,111,120,94,76,89,102,76,92,116,133,103,84,112,122,96,71,83,96,85,1
67,75,105,90,74,88,105,83,74,92,101,80,64,73,102,94,76,89,106,87,76,89,98,79,68,75,108,96,71,87,108,88,71,91,100,81,4
49,37,114,120,46,37,105,116,46,40,105,109,50,43,97,108,44,40,105,111,47,46,105,104,64,62,94,83,60,59,98,91,64,69,98,87,2
90,109,112,89,86,109,108,89,86,104,108,85,87,103,105,86,87,108,110,86,87,112,114,90,89,106,114,87,89,106,110,87,89,106,114,90,3
88,107,109,87,88,95,104,83,84,99,100,79,86,104,108,89,82,96,104,78,82,96,104,81,83,99,101,75,79,91,97,75,83,91,97,79,4
84,95,104,81,76,87,96,70,76,83,87,70,79,87,96,75,79,87,89,71,79,87,100,75,59,63,88,74,70,75,92,78,74,87,92,78,7
84,106,115,91,88,111,115,87,88,106,111,87,88,107,108,85,88,107,113,85,84,103,108,85,88,103,113,87,84,103,104,83,84,103,104,83,3
88,103,113,85,88,107,113,85,84,103,104,81,88,107,113,87,88,103,109,87,88,103,104,79,90,104,112,89,86,100,108,89,86,104,108,89,3
67,75,82,62,67,75,78,58,70,75,78,58,64,73,78,61,68,73,78,57,72,73,82,61,64,75,79,59,68,75,79,59,64,75,79,59,7
59,72,85,71,55,68,85,75,63,79,96,83,63,79,88,78,56,63,84,70,59,67,84,74,59,73,93,75,63,73,93,75,59,81,93,79,1
68,107,113,92,68,107,118,92,68,103,118,92,71,107,113,96,71,103,118,92,67,103,118,92,70,109,117,96,70,109,117,92,70,104,112,92,1
53,69,86,72,53,69,82,72,50,66,82,72,50,71,87,70,50,71,87,74,50,75,91,74,51,72,85,75,51,72,85,75,48,72,89,75,1
80,89,94,72,80,89,94,76,80,98,98,79,84,103,113,81,84,99,104,85,84,103,108,81,88,103,104,83,88,103,104,87,88,103,109,83,3
68,73,78,65,68,69,74,57,64,66,71,54,64,75,75,63,64,75,75,59,68,71,75,59,67,72,77,62,67,68,74,58,63,68,67,58,7
89,111,110,87,85,106,110,87,89,106,114,90,84,102,115,87,84,106,115,91,88,111,115,87,88,107,104,88,88,107,108,85,88,107,113,85,3
57,49,111,109,50,40,125,128,47,34,125,135,46,34,133,146,46,31,139,143,46,31,133,146,44,37,128,137,41,32,139,150,44,32,139,154,2
90,100,108,85,86,104,104,81,86,100,108,85,92,103,110,86,87,103,110,83,87,99,105,86,85,97,110,83,85,102,105,80,85,102,105,83,3
63,71,88,70,63,63,88,74,63,60,88,85,59,60,90,83,59,57,97,86,59,57,97,86,57,56,93,90,57,56,97,94,53,56,97,90,5
68,73,111,91,68,77,98,79,72,77,94,76,64,61,108,99,64,68,108,92,71,83,100,81,59,61,109,100,63,64,104,96,71,79,96,79,5
67,84,85,62,67,79,82,65,67,84,89,65,68,77,86,65,72,81,86,68,72,81,86,65,68,83,83,63,68,79,87,63,68,79,83,63,7
78,88,89,69,60,63,67,41,50,46,63,44,76,85,90,61,57,59,64,39,53,49,71,46,71,83,87,59,56,57,63,41,53,51,67,52,5
63,67,69,55,63,67,69,55,63,71,69,55,67,66,72,53,67,66,72,53,63,70,68,53,63,67,70,55,63,67,70,55,63,71,74,55,7
92,112,114,90,96,112,114,94,92,117,124,98,97,120,119,97,93,115,114,90,89,111,114,94,92,120,120,94,92,106,111,87,80,98,102,76,3
86,104,108,85,90,104,108,89,90,104,112,89,87,103,110,86,92,103,105,86,87,103,110,86,85,102,110,90,89,102,110,87,89,102,114,87,3
68,112,122,103,71,112,122,99,68,99,108,85,71,111,118,100,71,111,123,100,71,103,118,96,66,113,117,100,70,113,122,103,70,113,122,103,1
93,111,114,87,89,106,110,87,85,97,105,80,80,106,106,79,80,106,102,79,80,98,98,76,84,107,113,85,88,103,108,85,84,99,104,78,4
63,111,124,94,67,111,119,97,67,111,119,101,64,111,125,102,68,111,120,98,68,111,115,98,68,112,122,99,64,112,122,99,64,112,122,99,1
78,91,96,74,78,87,92,70,78,91,96,74,79,95,101,75,75,91,97,72,75,84,93,75,82,92,97,76,78,88,93,76,78,88,97,76,4
84,103,108,88,92,107,108,85,88,103,104,81,84,99,104,79,93,107,109,87,84,103,109,79,82,96,100,78,90,104,112,85,90,109,112,89,3
76,89,98,76,76,94,98,76,76,98,102,72,80,95,104,74,76,91,104,74,76,95,100,78,75,91,96,75,75,91,96,71,79,87,93,71,4
68,75,83,81,64,68,83,74,60,61,75,70,79,91,96,75,75,79,89,75,59,64,77,71,82,91,96,81,82,91,100,78,74,83,92,74,5
67,83,77,58,71,75,77,58,71,79,81,58,66,75,76,59,66,75,84,63,66,79,80,59,67,77,75,60,63,73,82,57,63,77,79,60,7
46,34,118,121,43,36,118,121,46,36,118,128,51,37,118,112,48,40,113,112,48,37,113,116,46,34,112,111,49,34,112,111,46,37,117,114,2
63,58,81,67,63,68,85,67,71,91,93,75,56,49,80,66,56,53,73,66,70,79,84,66,59,51,79,72,56,54,75,64,67,73,82,64,5
88,107,113,87,84,107,113,87,88,107,109,87,90,113,122,92,90,109,112,89,82,100,100,81,92,112,114,90,87,103,105,83,79,88,93,72,4
51,79,96,79,55,79,93,75,51,75,93,75,52,79,100,78,56,83,96,85,56,83,108,85,49,73,90,75,56,81,93,83,56,88,101,83,1
80,95,118,96,80,95,118,92,76,83,100,78,75,95,109,96,75,95,113,96,79,99,109,83,70,87,112,100,66,83,117,100,70,87,112,100,5
76,85,90,72,76,85,90,72,76,85,90,76,71,87,91,74,76,87,87,74,76,87,91,78,79,91,96,75,84,95,100,79,79,95,96,79,4
67,72,77,62,67,68,74,58,63,68,67,58,66,71,73,63,63,63,66,55,63,67,69,55,67,73,79,64,63,66,68,57,63,66,68,57,7
67,106,114,90,63,92,105,80,63,88,105,83,68,102,115,91,64,89,102,79,60,85,94,79,68,107,118,92,64,99,104,85,56,91,104,81,1
60,87,104,85,60,91,108,85,64,91,113,88,67,95,109,92,71,103,113,92,67,103,113,92,66,96,104,89,70,104,117,92,70,109,117,96,1
88,112,118,88,88,107,113,85,88,107,113,88,93,111,118,92,88,111,118,92,88,107,113,92,90,118,122,96,90,113,117,96,90,113,122,96,3
68,103,118,92,64,103,122,92,71,107,122,96,71,99,118,96,67,103,118,96,67,107,113,96,66,100,112,92,66,104,117,92,63,104,112,92,1
66,71,73,59,63,63,66,52,59,63,66,52,71,81,86,64,63,66,62,57,63,63,65,53,70,75,82,69,70,71,78,62,63,67,70,58,7
67,107,118,96,79,111,118,96,84,116,118,96,66,100,112,92,66,96,112,92,70,100,117,92,59,95,105,90,63,95,101,86,63,103,114,94,1
75,99,109,83,75,107,113,92,75,103,113,96,78,109,112,92,74,100,112,92,70,100,112,92,67,99,114,94,63,95,110,90,63,91,105,90,1
97,120,120,94,97,115,115,94,88,115,120,94,92,112,118,92,88,107,108,88,84,99,104,81,79,99,96,79,79,95,100,79,84,95,104,79,3
44,34,110,119,44,37,105,111,47,40,110,111,47,37,111,105,50,40,106,105,53,43,106,102,56,51,100,92,64,61,96,81,68,71,91,70,2
63,67,70,58,63,75,74,62,63,71,74,62,68,77,74,61,68,77,74,65,68,77,74,61,71,79,83,67,68,75,79,63,68,75,75,59,7
67,84,93,75,71,91,101,83,75,99,105,86,67,97,101,80,74,102,114,90,74,115,119,97,76,111,120,94,76,115,120,102,72,115,120,102,1
67,75,78,62,70,79,78,58,74,79,82,65,68,73,78,57,68,77,78,61,68,77,74,61,71,75,75,59,68,71,75,56,68,71,67,56,7
53,75,96,78,53,71,87,74,53,71,87,74,48,79,93,79,55,79,93,79,55,79,93,75,52,75,92,78,52,75,92,78,52,75,88,78,1
83,99,105,79,83,99,101,79,83,95,97,79,89,111,114,87,89,106,110,83,85,97,101,80,97,111,115,94,97,111,111,91,88,102,106,83,3
68,98,111,91,64,98,106,91,64,94,111,91,68,103,113,88,68,103,118,92,68,107,113,92,71,103,113,92,71,107,118,92,71,107,113,96,1
55,87,100,83,63,95,109,92,67,107,118,96,56,79,100,81,52,83,100,81,59,87,108,85,56,84,93,83,56,84,97,79,59,88,101,86,1
53,88,97,80,57,88,105,87,60,88,105,87,53,81,90,79,53,85,98,83,57,89,106,87,60,87,96,81,56,83,100,81,56,91,104,85,1
52,54,97,105,49,45,110,124,46,32,119,135,47,40,105,122,44,31,114,136,44,31,110,140,53,59,106,113,50,31,115,128,47,31,111,131,2
71,79,93,71,63,68,89,71,67,75,77,62,74,91,92,74,70,75,84,63,63,71,73,55,67,73,75,49,63,66,72,53,63,70,75,53,7
51,75,96,79,51,72,89,75,51,68,85,71,52,67,84,78,52,71,84,78,56,75,92,74,52,70,90,75,52,73,90,75,56,84,97,79,1
74,84,85,69,74,84,85,69,67,75,82,69,72,81,90,72,72,77,90,72,68,77,90,72,71,75,87,74,64,71,87,78,64,64,87,78,7
67,73,82,64,67,77,82,60,71,73,82,64,74,88,101,80,70,88,93,69,67,75,85,62,76,98,102,79,76,89,94,72,72,81,86,65,7
71,79,85,67,71,83,81,67,71,87,85,71,78,87,84,70,74,79,84,63,70,83,84,66,75,88,97,72,75,84,93,68,75,91,90,75,7
59,54,62,45,59,57,65,49,59,60,72,57,57,53,67,51,57,56,70,48,57,56,70,51,57,55,67,54,53,49,64,50,57,55,67,50,5
59,88,110,86,59,88,110,90,59,99,114,90,53,92,105,87,57,88,105,87,60,97,119,94,53,85,98,83,53,85,102,83,57,98,106,91,1
63,81,82,64,63,81,79,64,67,84,86,68,67,88,89,69,67,84,85,62,63,79,85,65,76,94,94,68,68,85,82,65,64,81,82,61,7
64,87,104,85,68,91,104,88,68,91,104,85,71,95,104,87,75,91,109,92,75,95,104,87,66,83,100,81,66,83,96,81,66,87,104,89,1
59,56,73,55,66,67,80,63,63,71,73,59,59,57,65,49,59,60,72,57,63,66,79,64,57,56,70,48,57,56,70,51,57,56,74,58,7
92,112,118,88,88,99,104,88,80,99,104,81,88,107,109,87,84,99,104,79,84,99,104,79,90,109,112,92,90,104,112,89,90,100,108,85,3
84,99,104,81,84,99,104,81,84,99,108,85,84,103,109,79,88,107,109,83,88,107,109,87,86,100,108,85,86,104,108,89,86,109,112,89,4
70,79,80,63,70,75,80,59,66,75,76,59,67,77,86,64,67,77,82,60,67,77,75,60,67,79,82,62,63,71,78,62,63,75,78,55,7
74,79,88,74,74,87,96,70,78,91,100,78,71,84,86,75,75,81,90,68,75,81,93,68,67,75,85,73,70,79,85,73,70,79,85,65,7
76,85,90,68,76,89,86,68,80,85,86,68,71,87,87,70,76,87,91,70,76,87,87,70,71,87,89,67,75,83,89,67,75,87,89,67,4
82,96,104,78,82,96,104,81,82,96,100,81,79,91,97,75,83,91,97,79,83,91,101,79,78,92,101,76,82,92,101,80,78,88,93,76,4
70,115,119,97,67,106,124,94,67,106,114,94,72,111,120,94,64,106,115,94,64,102,115,94,64,103,122,92,71,107,122,96,71,107,122,96,1
89,102,105,87,85,102,110,87,85,102,110,94,84,102,106,91,88,106,111,91,88,106,111,98,84,99,113,88,84,99,108,92,84,107,113,96,3
80,99,108,85,84,103,108,85,80,99,104,81,84,107,113,87,79,107,104,87,84,99,104,83,82,104,112,89,82,104,112,89,82,100,104,89,3
82,96,104,81,82,100,104,81,82,104,112,85,83,99,105,83,87,103,105,86,87,99,105,86,89,102,105,87,85,102,110,87,85,102,110,94,3
63,66,72,64,59,57,75,64,56,48,75,68,67,75,74,62,60,63,74,58,57,56,74,62,72,77,78,61,64,73,74,57,68,77,78,65,7
52,56,69,55,56,60,73,59,59,60,76,66,49,54,68,53,56,60,75,64,52,57,75,68,50,53,74,58,50,53,82,69,53,53,82,76,5
88,106,106,83,84,102,106,83,88,106,106,87,88,103,113,85,88,103,108,88,92,107,113,88,88,107,109,87,88,103,109,87,88,111,109,87,3
78,83,100,78,82,96,104,85,82,91,96,78,79,91,101,83,83,91,101,83,87,95,97,79,78,92,97,87,78,97,101,83,82,102,105,87,7
67,72,77,58,67,75,77,62,67,75,81,62,66,71,88,70,70,79,76,59,70,75,76,59,59,63,90,79,63,73,82,64,67,77,79,60,7
48,29,118,129,48,37,118,116,51,42,109,104,43,32,122,133,43,32,122,129,49,34,122,129,52,37,114,124,52,48,105,105,59,60,97,83,2
75,88,93,72,67,81,86,64,63,77,86,72,67,75,93,80,57,63,97,90,53,49,110,108,50,40,125,128,47,34,125,135,47,34,131,135,2
63,67,69,55,59,67,66,55,63,67,66,55,63,70,72,60,67,70,75,57,67,66,72,60,63,71,78,62,67,71,78,62,67,67,74,62,7
50,36,118,121,50,36,118,121,50,36,122,121,48,34,118,121,48,34,118,125,44,34,118,129,46,32,117,122,46,32,122,122,46,32,122,125,2
63,70,82,68,63,66,93,79,63,63,93,83,60,60,85,76,60,60,93,83,60,60,93,87,60,59,90,76,60,59,98,87,57,59,98,87,5
66,75,76,59,66,79,80,59,66,71,73,55,63,77,75,60,71,84,86,64,71,81,79,68,63,75,78,58,67,75,82,65,70,84,82,62,7
88,107,113,87,88,107,109,83,84,99,104,87,86,109,108,89,86,109,112,89,90,109,112,92,92,108,110,90,87,108,110,86,87,108,119,90,3
97,111,109,87,97,111,113,87,93,107,113,92,95,109,117,89,95,109,117,89,90,113,112,92,92,108,105,86,87,99,105,83,83,95,97,79,3
66,63,88,70,66,71,80,59,70,71,80,59,63,70,75,57,63,70,72,53,67,66,72,53,60,67,70,51,63,67,74,55,67,67,70,55,7
59,53,73,63,56,49,80,66,56,53,73,66,59,54,79,72,59,51,79,72,56,54,75,64,60,56,85,80,57,53,82,73,57,53,78,69,5
